model,rmse_train,rmse_test,fold,setting
Hubbell,127.29468867930846,118.32524469236968,1,M1
HubbellPoly,100.30569382038624,100.32283763443212,1,M1
Hubbell,128.01388517184094,110.67489637899622,2,M1
HubbellPoly,100.2291293380391,101.48987252504476,2,M1
Hubbell,118.04524129504014,190.07978146498905,3,M1
HubbellPoly,95.67313149146293,133.87993874866217,3,M1
Hubbell,127.34776754703638,117.5556962042332,4,M1
HubbellPoly,101.4332160046145,90.25521052931371,4,M1
Hubbell,126.4523478749084,128.11018166648867,5,M1
HubbellPoly,100.4678720181332,98.11119719088876,5,M1
Hubbell,122.64897215061576,159.19521851211869,6,M1
HubbellPoly,99.06634607853194,109.83209646786356,6,M1
Hubbell,129.4027468131485,89.06868849784263,7,M1
HubbellPoly,100.31985260523348,102.276624586938,7,M1
Hubbell,129.21735775592407,92.32449983095212,8,M1
HubbellPoly,101.43235781752205,91.1022875861759,8,M1
Hubbell,128.16111897445114,111.02911685214931,9,M1
HubbellPoly,102.26175823851352,80.20921285059762,9,M1
Hubbell,126.95101311092284,118.17491482705996,10,M1
HubbellPoly,101.07582459466526,94.14830531557706,10,M1
Hubbell,118.62400198321598,115.13039626103456,1,M2
HubbellPoly,96.0663917325216,98.26138040064708,1,M2
Hubbell,119.17578703322624,109.42974374734192,2,M2
HubbellPoly,95.84519394512536,100.89862688209386,2,M2
Hubbell,113.31709764268484,167.43031652638837,3,M2
HubbellPoly,93.08108542558143,124.00932044613786,3,M2
Hubbell,118.23035357943142,117.2652802863092,4,M2
HubbellPoly,96.80283566240044,94.26512995706592,4,M2
Hubbell,117.53663986111891,126.4468682278836,5,M2
HubbellPoly,96.59128316893576,94.28162698032776,5,M2
Hubbell,116.20931923150331,142.14195751498875,6,M2
HubbellPoly,95.97701851040615,101.33613036696946,6,M2
Hubbell,120.79864294585944,86.27344924441243,7,M2
HubbellPoly,96.64727666031114,96.54721259183307,7,M2
Hubbell,120.13597332582016,93.58382487988504,8,M2
HubbellPoly,97.17021369146036,90.50855858641144,8,M2
Hubbell,119.52784703374724,109.5075144796168,9,M2
HubbellPoly,98.36313627552155,76.48068158057823,9,M2
Hubbell,118.016617916173,115.22870538824694,10,M2
HubbellPoly,96.1923345328531,100.18928845898635,10,M2
Hubbell,114.26179143090178,111.60050129538892,1,M3
HubbellPoly,92.18897391944598,91.0450542037114,1,M3
Hubbell,114.43802513005984,111.3144369561901,2,M3
HubbellPoly,91.31486184391989,100.1712191746751,2,M3
Hubbell,109.00785768338596,162.89839033419983,3,M3
HubbellPoly,89.18649320445553,118.00497052794744,3,M3
Hubbell,114.02209761149815,114.71225426960171,4,M3
HubbellPoly,92.81028981856343,87.95451009091758,4,M3
Hubbell,113.7289430980811,119.81401968114896,5,M3
HubbellPoly,92.76859768684676,88.12137601252357,5,M3
Hubbell,112.66616646452825,132.88194248577605,6,M3
HubbellPoly,91.82984916372276,96.97274573235237,6,M3
Hubbell,116.45897534083628,83.51956643889072,7,M3
HubbellPoly,92.68918430834924,90.44451047772316,7,M3
Hubbell,115.82156495042425,90.38865503741133,8,M3
HubbellPoly,92.67761429380204,90.62724409878588,8,M3
Hubbell,115.20293546111226,106.50300959733352,9,M3
HubbellPoly,94.22525452959272,73.01864145255942,9,M3
Hubbell,114.05613804073715,109.36482692366592,10,M3
HubbellPoly,91.44286390913985,102.31447781887158,10,M3
Hubbell,103.69876792183943,99.21047496693592,1,M4
HubbellPoly,82.4174492172603,84.91410670100187,1,M4
Hubbell,103.94613668515288,99.06362544119992,2,M4
HubbellPoly,82.15445904945773,88.337330460713,2,M4
Hubbell,99.02622155803532,148.8170981985638,3,M4
HubbellPoly,80.42207318807523,105.42687069526336,3,M4
Hubbell,103.58027279940212,103.4459243133406,4,M4
HubbellPoly,83.21231829157726,83.4173216054676,4,M4
Hubbell,103.12787914496263,106.9579849475386,5,M4
HubbellPoly,83.04832766570253,80.91282463694469,5,M4
Hubbell,102.47987805256676,120.07395273463068,6,M4
HubbellPoly,82.34424670256399,89.62249245064164,6,M4
Hubbell,104.5451966911502,83.58308951851467,7,M4
HubbellPoly,83.06147118872363,80.62053835885716,7,M4
Hubbell,105.00621343179502,84.26586714297166,8,M4
HubbellPoly,83.38819704424797,81.38027516543002,8,M4
Hubbell,103.88640145186388,99.74122357640556,9,M4
HubbellPoly,84.31198803594778,68.76306440403935,9,M4
Hubbell,104.06391511831173,99.1200886898078,10,M4
HubbellPoly,83.0681124716519,83.64204205287331,10,M4
Hubbell,93.52252558835124,93.42713554448852,1,M5
HubbellPoly,74.72712536303816,80.82967939226411,1,M5
Hubbell,93.35464820553416,94.730960033187,2,M5
HubbellPoly,74.32517391407025,83.46268877907521,2,M5
Hubbell,90.68200300916956,132.2062077098197,3,M5
HubbellPoly,73.1326914859161,96.65383455890542,3,M5
Hubbell,93.79601818945616,94.36195134290668,4,M5
HubbellPoly,76.32015254859137,67.56364306874858,4,M5
Hubbell,92.99525377236262,100.14145882535816,5,M5
HubbellPoly,75.37285209335958,74.97828091642769,5,M5
Hubbell,93.09999809969064,107.21549156080938,6,M5
HubbellPoly,75.24148426340847,76.83078308111358,6,M5
Hubbell,94.51461527706846,77.74925437936126,7,M5
HubbellPoly,75.02348217818817,76.03947055744334,7,M5
Hubbell,94.9254583668439,74.73894025170961,8,M5
HubbellPoly,75.75168584210324,74.1889970555789,8,M5
Hubbell,93.9224734821553,92.0249713885568,9,M5
HubbellPoly,76.71520009787427,62.32491686013038,9,M5
Hubbell,94.13618591477774,86.51599914719827,10,M5
HubbellPoly,75.1718464942901,80.4169165611379,10,M5
Hubbell,91.39082957655144,88.7984145740849,1,M6
HubbellPoly,70.03951875657793,77.81069425807677,1,M6
Hubbell,91.0120685002414,90.9736618767333,2,M6
HubbellPoly,69.7260437437414,78.88502242934568,2,M6
Hubbell,88.58588215823222,128.71623630366986,3,M6
HubbellPoly,69.42325044411368,86.44753428344524,3,M6
Hubbell,91.02890836135576,95.57941372177166,4,M6
HubbellPoly,71.22529931822993,68.16826172888392,4,M6
Hubbell,90.3300993322071,98.92725081365734,5,M6
HubbellPoly,70.3918751794834,74.10045041931254,5,M6
Hubbell,90.5115354099636,104.993512804204,6,M6
HubbellPoly,70.4273708522763,75.2051061255128,6,M6
Hubbell,92.02620376711212,76.22197940599246,7,M6
HubbellPoly,70.72241585465731,69.78840934792551,7,M6
Hubbell,92.46796710314554,72.82789613982595,8,M6
HubbellPoly,71.07838899136108,70.40337771452602,8,M6
Hubbell,91.33672649497174,89.99924832647154,9,M6
HubbellPoly,71.81420947230667,61.10792574261005,9,M6
Hubbell,91.86295468076754,86.21944396013127,10,M6
HubbellPoly,71.08058522399182,68.32770894586602,10,M6
Hubbell,90.53511408106417,88.6288068498448,1,M7
HubbellPoly,69.47247810963746,78.24288836208814,1,M7
Hubbell,90.38616531932212,89.79572568234316,2,M7
HubbellPoly,69.19730649821715,79.00060094420314,2,M7
Hubbell,87.70002540221788,129.69043105308833,3,M7
HubbellPoly,68.57315878971373,89.4719695632587,3,M7
Hubbell,89.98357544319934,97.91516282391156,4,M7
HubbellPoly,70.53492335819115,69.57821704846343,4,M7
Hubbell,89.89753855081823,96.1797742015616,5,M7
HubbellPoly,69.9886253905663,73.46865026727255,5,M7
Hubbell,89.86167107267542,104.80407039834328,6,M7
HubbellPoly,70.0426921412911,74.68914513611116,6,M7
Hubbell,91.29031909258076,76.39420596338799,7,M7
HubbellPoly,70.43203191148417,67.7848099539683,7,M7
Hubbell,91.7223437893577,72.1248187600138,8,M7
HubbellPoly,70.61676938819957,69.86268606590261,8,M7
Hubbell,90.64588885821816,89.31121657848787,9,M7
HubbellPoly,71.39744967208277,60.360229496049634,9,M7
Hubbell,91.26003629716996,84.99932470256563,10,M7
HubbellPoly,70.76733155838967,66.4640436023446,10,M7
Poisson,101.4689730445822,100.69495116910944,1,M1
Poisson_off,194.8950043340292,177.46044610196398,1,M1
NB,102.63867549965777,101.5132823518771,1,M1
NB_off,198.5580841039129,181.6111843242201,1,M1
Alpha,164.02551356840058,154.15846222819468,1,M1
Richness,104.1085956216842,101.70571797091516,1,M1
Poisson,101.13127513280578,104.27695587050242,2,M1
Poisson_off,195.14346280837975,174.4635823262647,2,M1
NB,102.05267191358348,105.75944653918066,2,M1
NB_off,198.8385964841445,178.02686722277144,2,M1
Alpha,164.7421355118278,146.54085834117356,2,M1
Richness,103.47705152966417,99.8911814624053,2,M1
Poisson,96.63128324366365,136.20820272601813,3,M1
Poisson_off,184.0380769113332,263.1935849862925,3,M1
NB,98.41304161757928,134.88090039664783,3,M1
NB_off,187.67813333430655,267.60044205792826,3,M1
Alpha,153.67053971909218,229.76794125448708,3,M1
Richness,97.96304761617046,148.57708529842688,3,M1
Poisson,102.50757214844764,92.44129146906168,4,M1
Poisson_off,193.96430902363244,186.1431394977552,4,M1
NB,103.38507350101597,95.52501767078002,4,M1
NB_off,197.5698371582897,190.02894341036333,4,M1
Alpha,163.5252615411043,156.075918328345,4,M1
Richness,105.84239404794523,106.71281527598354,4,M1
Poisson,101.77344216465175,97.57496151860956,5,M1
Poisson_off,193.1656696971479,193.7200795449681,5,M1
NB,103.13855226669116,96.8003552160576,5,M1
NB_off,196.84426996065432,197.27768728379849,5,M1
Alpha,163.07518076499787,164.2576023224222,5,M1
Richness,104.05032605127002,104.66372751303398,5,M1
Poisson,100.30781732793268,109.63440405949372,6,M1
Poisson_off,189.2273932636639,226.6997251746377,6,M1
NB,101.8766396324952,107.55412355544294,6,M1
NB_off,192.8736428231003,230.74096945707936,6,M1
Alpha,158.78344169929042,196.4046415437145,6,M1
Richness,100.89152124806972,132.77805659140344,6,M1
Poisson,101.3340189353307,104.87277346235672,7,M1
Poisson_off,196.8730858926548,154.28049826028266,7,M1
NB,102.20541660835626,108.21536473418077,7,M1
NB_off,200.5700186662734,156.47226393209763,7,M1
Alpha,166.87556770147606,120.153761665577,7,M1
Richness,103.8579259419304,92.94284966395902,7,M1
Poisson,102.6910871013912,90.92196777169688,8,M1
Poisson_off,196.1435688528388,163.45474047221975,8,M1
NB,103.80842427405254,93.38088999686428,8,M1
NB_off,199.84268494362928,166.20327515144794,8,M1
Alpha,166.32862217696038,127.65757398224255,8,M1
Richness,105.8059818218037,80.63738766803269,8,M1
Poisson,103.41389742944196,81.01745436703366,9,M1
Poisson_off,194.2917316867036,183.24908901475072,9,M1
NB,104.6532922491929,81.3803405956955,9,M1
NB_off,197.9235226956538,187.2258878646813,9,M1
Alpha,164.4149897129393,151.93528468787673,9,M1
Richness,105.70413293503766,84.79881738841586,9,M1
Poisson,102.35368373369352,93.9343355475943,10,M1
Poisson_off,193.83263494034497,187.12566372175752,10,M1
NB,103.76672117184722,95.94869710746028,10,M1
NB_off,197.44376427281765,190.7992301029472,10,M1
Alpha,163.3239650127992,154.7339215829781,10,M1
Richness,105.0267421960698,88.31487614969365,10,M1
Poisson,97.22579202113069,98.20746874784838,1,M2
Poisson_off,187.17017428368,173.25081284397174,1,M2
NB,99.5866144691503,97.8399340579688,1,M2
NB_off,191.1043953505906,177.97568258688656,1,M2
Alpha,154.2481635570572,148.38905014661665,1,M2
Richness,100.08090776954852,97.9445529008171,1,M2
Poisson,96.64017737090587,103.68978102660871,2,M2
Poisson_off,187.04298757365947,172.9897235277898,2,M2
NB,98.51909300050174,105.10592833281495,2,M2
NB_off,190.9188541630086,176.401297034305,2,M2
Alpha,154.47203919103097,142.78282334755758,2,M2
Richness,99.14620758380254,99.3001166597916,2,M2
Poisson,93.96304851468898,125.97072061453632,3,M2
Poisson_off,179.19446823422518,242.68511775024177,3,M2
NB,96.31890206137,125.71783172621784,3,M2
NB_off,183.05599910389816,248.7171069405178,3,M2
Alpha,147.59554034136673,205.80967093222216,3,M2
Richness,95.32991342477436,136.16513093426414,3,M2
Poisson,97.81482397365338,95.9531088350833,4,M2
Poisson_off,185.9137773734023,183.80876128207697,4,M2
NB,99.69342873996465,98.24549470121543,4,M2
NB_off,189.7976927538252,187.32325494952516,4,M2
Alpha,153.55696274193124,151.50717637313588,4,M2
Richness,101.38874286193096,110.12633276778352,4,M2
Poisson,97.83127817086732,93.4103778643081,5,M2
Poisson_off,184.8281475864184,193.0415116149194,5,M2
NB,100.0761348255699,94.28649231578372,5,M2
NB_off,188.74095910212412,194.3689334319508,5,M2
Alpha,152.6196599445757,160.81584961028332,5,M2
Richness,99.87628793818132,102.89479832050904,5,M2
Poisson,97.0802867416116,101.1837644976011,6,M2
Poisson_off,182.46862697082508,214.72540095466556,6,M2
NB,99.39477145828567,98.43469830679248,6,M2
NB_off,186.2930539308339,219.7622397690335,6,M2
Alpha,150.78471197923292,178.8350595516923,6,M2
Richness,97.7217653600954,123.09154936098908,6,M2
Poisson,97.5073710295434,99.3900408566255,7,M2
Poisson_off,188.60831198924785,155.0174998314926,7,M2
NB,99.282709458643,103.73819037489883,7,M2
NB_off,192.532195963936,156.3165900724441,7,M2
Alpha,156.67754232678527,116.29923226342228,7,M2
Richness,100.12155245485638,89.05816575300885,7,M2
Poisson,98.33647940333036,90.36653200370124,8,M2
Poisson_off,188.31002270035216,159.82165390000208,8,M2
NB,100.2857580079091,92.62749962086568,8,M2
NB_off,192.2754755396872,162.51052572078973,8,M2
Alpha,156.4382872634102,123.1971191031532,8,M2
Richness,101.39412272082988,80.77975988577516,8,M2
Poisson,99.39749823540396,77.36437450925477,9,M2
Poisson_off,186.353547265294,180.00953502303557,9,M2
NB,101.5167077868845,78.43155488498562,9,M2
NB_off,190.21092246166103,183.52770061179967,9,M2
Alpha,154.67157573349365,149.969996566422,9,M2
Richness,101.78396277553615,82.818913402217,9,M2
Poisson,97.39864735063776,99.59696261458276,10,M2
Poisson_off,186.37123822978208,179.59375996424063,10,M2
NB,99.62900081373913,103.69921276526615,10,M2
NB_off,190.1857636411418,183.85089784937935,10,M2
Alpha,153.6561422733454,146.95061403684753,10,M2
Richness,100.18006428991748,90.6719010695955,10,M2
Poisson,94.16230519462424,92.59147204953156,1,M3
Poisson_off,184.72354302993057,171.26969604908763,1,M3
NB,96.80500987698662,92.492250823755,1,M3
NB_off,188.7957826568624,176.23313819008456,1,M3
Alpha,149.8187382957982,143.80728735780966,1,M3
Richness,97.60664398033498,93.11607723106329,1,M3
Poisson,92.9505125250613,104.06459029391328,2,M3
Poisson_off,184.27654801101863,174.6154957718962,2,M3
NB,95.288958289007,104.51966489992098,2,M3
NB_off,188.32273351305605,178.81684758898996,2,M3
Alpha,149.79130691382073,143.69070664252632,2,M3
Richness,96.13018544326955,99.45510820502334,2,M3
Poisson,90.9462073143395,120.80045041151968,3,M3
Poisson_off,176.9527643341214,239.50895064261493,3,M3
NB,93.45490356677176,121.48190727311125,3,M3
NB_off,180.9915382539795,245.61237693912744,3,M3
Alpha,143.45474008824522,200.41030733710087,3,M3
Richness,92.41811304753648,134.54983088276947,3,M3
Poisson,94.66346234658133,90.7842603427255,4,M3
Poisson_off,183.4415945817993,182.30896629634185,4,M3
NB,96.96861950580298,92.33813510537,4,M3
NB_off,187.47048435212005,186.33261207623073,4,M3
Alpha,149.151509355499,149.2748883956571,4,M3
Richness,99.11973698982362,106.65918365651528,4,M3
Poisson,94.85365764543832,87.82553263067375,5,M3
Poisson_off,182.3555866207259,190.8364667303523,5,M3
NB,97.28192227659724,90.2636766482903,5,M3
NB_off,186.3799938472369,192.20073770905543,5,M3
Alpha,148.4104235167806,155.28114024965677,5,M3
Richness,97.46286797888015,98.5848973434393,5,M3
Poisson,93.72834404338931,98.61069081160252,6,M3
Poisson_off,180.27479724960023,210.6228128645154,6,M3
NB,95.92328209980364,98.87554806897202,6,M3
NB_off,184.2574434691063,214.9083581125178,6,M3
Alpha,146.78007691241703,170.9648267715502,6,M3
Richness,94.8615901747561,120.9604392229315,6,M3
Poisson,94.42350734739622,94.14678195047549,7,M3
Poisson_off,186.09682269451193,153.43628475160966,7,M3
NB,96.57781281275123,97.78275164352192,7,M3
NB_off,190.2267482092488,154.5434101118621,7,M3
Alpha,152.1461071901068,113.183876750344,7,M3
Richness,97.63515869844925,83.68321162230716,7,M3
Poisson,94.7487199008119,90.83254180053557,8,M3
Poisson_off,185.77617498109967,158.89593579926878,8,M3
NB,97.11554940461896,91.8844616170419,8,M3
NB_off,189.8988114910131,161.70210444930865,8,M3
Alpha,152.01219822032442,120.54217685807907,8,M3
Richness,98.64453468377748,79.25808399621761,8,M3
Poisson,96.0925770758989,74.98106141741752,9,M3
Poisson_off,183.7273117095081,179.3506413807812,9,M3
NB,98.44832852428875,77.15643194913697,9,M3
NB_off,187.71193976481987,182.917946325337,9,M3
Alpha,150.17749638391706,146.58669213461675,9,M3
Richness,99.06891087829604,81.16707983626819,9,M3
Poisson,93.72103803303864,100.56524539205655,10,M3
Poisson_off,184.49257019320785,172.61983255249368,10,M3
NB,96.41426889395666,102.6925786690768,10,M3
NB_off,188.43837147387495,176.82238794718046,10,M3
Alpha,150.07989744954455,139.32635793015316,10,M3
Richness,97.56850636579576,87.95632959208669,10,M3
Poisson,84.8666275811232,88.17067641011134,1,M4
Poisson_off,173.83554644794415,159.14043123619274,1,M4
NB,87.97721403327566,88.43307700845808,1,M4
NB_off,177.6343026222034,160.98176243163113,1,M4
Alpha,137.552900616336,127.58202549857486,1,M4
Richness,89.81576430337005,88.4238056074428,1,M4
Poisson,84.58355795729909,90.65032224104318,2,M4
Poisson_off,173.73960047507833,159.60987028917003,2,M4
NB,87.61237079510839,89.54503986662024,2,M4
NB_off,177.45118858559744,162.40119345587587,2,M4
Alpha,137.48510854127142,128.38579186823372,2,M4
Richness,89.01944711544891,89.45437123449398,2,M4
Poisson,82.65119302845267,109.99801189674923,3,M4
Poisson_off,165.50898609297843,230.923700056123,3,M4
NB,84.96435686511194,113.32704547374586,3,M4
NB_off,168.93073797918112,236.5089756488788,3,M4
Alpha,130.16377029541923,189.5680099063588,3,M4
Richness,85.16149253894692,127.67943309408126,3,M4
Poisson,85.52085343000911,88.46437922694902,4,M4
Poisson_off,172.55992041023,169.6531785009177,4,M4
NB,88.19020680233787,91.91935685908172,4,M4
NB_off,176.3778473440805,171.89550821464127,4,M4
Alpha,137.00885374390572,134.33780755337327,4,M4
Richness,91.88134765896388,95.46222624944625,4,M4
Poisson,85.76994963275602,80.73786274798364,5,M4
Poisson_off,172.05164192792964,175.17049350548686,5,M4
NB,88.58143699843669,82.59242308055458,5,M4
NB_off,175.5616234627898,178.2033678605088,5,M4
Alpha,136.23960651959607,138.21640107679525,5,M4
Richness,90.31094351909135,89.40317211414293,5,M4
Poisson,84.75389216225483,92.77206651920434,6,M4
Poisson_off,169.91228906180493,195.5111878177687,6,M4
NB,87.1745060986926,95.08507487525044,6,M4
NB_off,173.51068781946853,199.62437268101493,6,M4
Alpha,134.54205717998929,157.8644358481369,6,M4
Richness,87.6425761071075,115.33904988140154,6,M4
Poisson,85.51555491930029,83.3705264502179,7,M4
Poisson_off,174.2557702569578,152.80176615626485,7,M4
NB,88.20400855080754,85.6580589868077,7,M4
NB_off,177.92490966959764,153.19585348917667,7,M4
Alpha,138.30031739665984,107.54040967003,7,M4
Richness,89.7037082676872,76.91900392392526,7,M4
Poisson,86.05586902612889,82.57410349609052,8,M4
Poisson_off,174.5623865414035,150.90694833264288,8,M4
NB,88.87933102037674,84.66125446686763,8,M4
NB_off,178.38712371061442,153.26590942161903,8,M4
Alpha,139.06567496758805,110.98495928861333,8,M4
Richness,91.25417796585258,74.28355898885647,8,M4
Poisson,86.91785483924464,70.15388495994411,9,M4
Poisson_off,172.6024915007104,169.6522948996627,9,M4
NB,89.80403695066292,70.93342947008688,9,M4
NB_off,176.3035295533678,172.80315865444032,9,M4
Alpha,137.6421542673963,131.51074792562065,9,M4
Richness,91.58461865342488,73.24677430232093,9,M4
Poisson,85.84398399746067,83.76111183467403,10,M4
Poisson_off,173.12593330987215,167.7364055485919,10,M4
NB,88.91496721475193,85.76713026916568,10,M4
NB_off,176.80355780346352,172.06206087928004,10,M4
Alpha,137.353572871918,133.44000257280166,10,M4
Richness,90.97275020725638,78.26516534107203,10,M4
Poisson,77.529291478363,84.63694984136583,1,M5
Poisson_off,165.54418146443936,157.6576130860277,1,M5
NB,82.70339348857205,89.30155108481144,1,M5
NB_off,170.3993592549135,157.10686744260207,1,M5
Alpha,126.34775265301488,122.82837071415584,1,M5
Richness,84.51630352283267,88.11892960088808,1,M5
Poisson,77.24253441784111,85.27807608176879,2,M5
Poisson_off,165.69154642675434,156.72223495858114,2,M5
NB,82.20575619633512,87.83066623760152,2,M5
NB_off,170.28113510688672,157.67749084825874,2,M5
Alpha,126.1121792810632,121.27200749637038,2,M5
Richness,83.60702425831013,87.51161893042996,2,M5
Poisson,75.62950603071177,103.04096653292328,3,M5
Poisson_off,159.49944550051762,218.1724203856076,3,M5
NB,80.12909046881983,109.27674716232708,3,M5
NB_off,163.40738833285755,227.85404788530656,3,M5
Alpha,121.18151582884452,174.56399664264467,3,M5
Richness,80.38506192608362,122.43800002301622,3,M5
Poisson,78.94788408465271,73.31051925320894,4,M5
Poisson_off,164.67424142877536,167.00580548054,4,M5
NB,84.25464224186975,77.89097113291785,4,M5
NB_off,169.5494507186776,169.1113931223851,4,M5
Alpha,126.21458528055476,127.87428861995798,4,M5
Richness,87.54933142256212,89.0765673382585,4,M5
Poisson,78.44202953917889,74.85159062347608,5,M5
Poisson_off,164.17918807998188,172.41749681657623,5,M5
NB,83.94794524969723,77.74338734604979,5,M5
NB_off,168.74140472185482,174.928716585714,5,M5
Alpha,125.71009062858718,130.05006040534334,5,M5
Richness,85.6183021242472,85.52685609563068,5,M5
Poisson,78.0611831056725,79.91033439044143,6,M5
Poisson_off,162.30410791949464,191.70352646976903,6,M5
NB,82.48654838745773,84.46508315214304,6,M5
NB_off,166.49616726253794,198.61051062988787,6,M5
Alpha,123.70700728356996,151.53713028885772,6,M5
Richness,82.98282881012419,109.10816380664964,6,M5
Poisson,77.75648564841684,79.32695949617278,7,M5
Poisson_off,166.80129673791737,145.8886027382617,7,M5
NB,82.61544054854414,81.92556994568542,7,M5
NB_off,171.31109764066903,146.46215059538827,7,M5
Alpha,127.42902158982729,99.6817940603342,7,M5
Richness,84.46807864667974,71.32341209380786,7,M5
Poisson,78.76179423875165,75.44968300797713,8,M5
Poisson_off,167.58823670166743,139.1915424263145,8,M5
NB,84.06009976240901,77.8236738724411,8,M5
NB_off,172.37131363192833,142.72128606518683,8,M5
Alpha,129.00125240202362,98.20296625342652,8,M5
Richness,86.29503858098222,67.89678007823254,8,M5
Poisson,79.68075817747557,63.62307932460958,9,M5
Poisson_off,165.26880783845291,162.6504498095856,9,M5
NB,84.84000440547167,66.03454622816311,9,M5
NB_off,170.0128400909785,165.6024929420344,9,M5
Alpha,127.52324971242234,121.34544901284112,9,M5
Richness,86.5098609624507,69.5767079031637,9,M5
Poisson,78.242852456718,81.38369927150325,10,M5
Poisson_off,166.22536062957937,155.19071346973757,10,M5
NB,83.3636285165758,88.74067074138073,10,M5
NB_off,170.9021465990596,159.89620867996678,10,M5
Alpha,127.16528612399236,111.32633415031466,10,M5
Richness,85.66914332531975,73.72796566263622,10,M5
Poisson,72.62323072002276,82.15266868386243,1,M6
Poisson_off,163.17923105245796,150.87891712900168,1,M6
NB,76.7010959595944,86.83635046668094,1,M6
NB_off,167.93676439359413,150.40123007129148,1,M6
Alpha,124.06929135100076,117.40710984950714,1,M6
Richness,78.88736303804139,84.11022980603062,1,M6
Poisson,72.42619782266114,80.52189227866633,2,M6
Poisson_off,162.81568902327268,154.4066779124984,2,M6
NB,76.3746828782268,81.77269495761891,2,M6
NB_off,167.27911728845115,154.80670953524208,2,M6
Alpha,123.29229969737672,115.78014213318696,2,M6
Richness,78.1731453914239,82.95653437616063,2,M6
Poisson,71.78941005289875,92.13715658075506,3,M6
Poisson_off,156.84172897305342,215.06561755035327,3,M6
NB,75.5203605591297,96.7950557344422,3,M6
NB_off,160.6649630301971,223.75630843221748,3,M6
Alpha,118.39781938271204,172.96024441443117,3,M6
Richness,76.10285431906316,113.87180991019784,3,M6
Poisson,73.66525130785058,73.59257083852417,4,M6
Poisson_off,161.7804478305935,167.70707283154064,4,M6
NB,77.82464876685899,76.87841770781228,4,M6
NB_off,166.34218401982275,172.11537789720606,4,M6
Alpha,122.80623259289251,125.76134719684232,4,M6
Richness,81.45576625699664,76.64512327482686,4,M6
Poisson,73.21990004003028,74.05646244012377,5,M6
Poisson_off,161.4681414789051,169.11443577352384,5,M6
NB,77.33112507960097,76.45682729471375,5,M6
NB_off,165.90569493119682,171.51786085878865,5,M6
Alpha,122.32291960212322,125.90594581904996,5,M6
Richness,79.48311162168608,82.93886865688987,5,M6
Poisson,73.05047106317119,78.70861054867898,6,M6
Poisson_off,159.38676898379046,189.545833248769,6,M6
NB,76.49384757827285,84.14924970049744,6,M6
NB_off,163.5988589134009,195.14476489386263,6,M6
Alpha,120.66956818884375,146.71377040917423,6,M6
Richness,77.71324978577901,100.79944989623056,6,M6
Poisson,73.2976627244384,73.04487701933986,7,M6
Poisson_off,163.91340981059577,144.49731139043973,7,M6
NB,77.21450296551774,75.43756888597837,7,M6
NB_off,168.35263243318755,145.17008434878144,7,M6
Alpha,124.0803420073562,97.47652485422483,7,M6
Richness,79.24121579366253,67.95895860073276,7,M6
Poisson,73.86621683098294,71.8725652477982,8,M6
Poisson_off,164.91910473394114,135.64794716974018,8,M6
NB,78.23869974748592,72.8023279892935,8,M6
NB_off,169.57825065565564,139.31347883967328,8,M6
Alpha,125.90424123472285,95.87891575789612,8,M6
Richness,80.9017197827958,64.02538308939769,8,M6
Poisson,74.63093908618326,61.9293259553677,9,M6
Poisson_off,162.48477176087283,159.79669628134582,9,M6
NB,78.83207984976957,64.73902574987228,9,M6
NB_off,167.1731620897728,162.0523911585229,9,M6
Alpha,124.41987760636316,116.79241564892806,9,M6
Richness,80.87784265556284,65.55603340557396,9,M6
Poisson,73.97201539559181,68.1172427023684,10,M6
Poisson_off,163.16288141294197,156.43802629076345,10,M6
NB,78.39598837428241,69.56986255085424,10,M6
NB_off,167.64190742354725,161.1944082321237,10,M6
Alpha,123.8160336227424,116.09534172598272,10,M6
Richness,80.82705161097188,67.84822687350906,10,M6
Poisson,72.126305126372,82.24709332079355,1,M7
Poisson_off,162.47124384435298,149.87542140131893,1,M7
NB,76.2406998460301,87.0346038135074,1,M7
NB_off,167.60306323771405,149.77187611893754,1,M7
Alpha,122.68797646500276,114.77648750389017,1,M7
Richness,78.50350532604573,83.98193575764246,1,M7
Poisson,71.90846398468031,80.54436552198102,2,M7
Poisson_off,162.10804863052252,153.2091876222868,2,M7
NB,75.90025208693383,81.27127058065597,2,M7
NB_off,166.73129960181777,153.91767710941238,2,M7
Alpha,122.10852326411144,114.20168479101189,2,M7
Richness,77.8439975063454,82.59311745771029,2,M7
Poisson,70.92204157959146,95.19214156830267,3,M7
Poisson_off,155.77407066243728,216.4971932469689,3,M7
NB,74.62085850698276,99.50181954912532,3,M7
NB_off,159.90657581732071,224.48637750771988,3,M7
Alpha,116.75356028596435,172.38615825181373,3,M7
Richness,75.33552493836,114.90620593194288,3,M7
Poisson,73.14029319534606,73.62071976687068,4,M7
Poisson_off,161.06452480813118,166.7116670734055,4,M7
NB,77.37953239581252,76.62239816018455,4,M7
NB_off,165.8823064675025,172.0387007461457,4,M7
Alpha,121.46620952949118,126.28224952285989,4,M7
Richness,81.12868402871935,77.92807519620528,4,M7
Poisson,72.75615692586337,74.07594888265325,5,M7
Poisson_off,160.84410882665503,166.49647740337767,5,M7
NB,76.87475015359854,75.93693439666815,5,M7
NB_off,165.5349238711273,168.04490651144923,5,M7
Alpha,121.35887160925738,122.11911769102224,5,M7
Richness,79.14467125893613,81.94095769658001,5,M7
Poisson,72.62629449599149,78.67332301003016,6,M7
Poisson_off,158.51669557995905,190.18043249699053,6,M7
NB,76.03810625689421,84.3381757839056,6,M7
NB_off,162.9890455379667,195.96659824196556,6,M7
Alpha,119.32137827666642,146.6216711467602,6,M7
Richness,77.40854912152338,100.75091947686214,6,M7
Poisson,73.0268596512588,71.14615751274336,7,M7
Poisson_off,163.1402309213426,144.75376872704246,7,M7
NB,76.90982082569711,74.0379398798912,7,M7
NB_off,167.90246265645678,146.47360431627783,7,M7
Alpha,122.5628852948152,98.08366714938248,7,M7
Richness,79.0498072563858,67.40917318578869,7,M7
Poisson,73.43636653369201,71.32674089843589,8,M7
Poisson_off,164.19210166025962,134.0148857197127,8,M7
NB,77.82986237263582,72.17842366810136,8,M7
NB_off,169.19118107379353,137.36496211000068,8,M7
Alpha,124.59365919149846,94.59240406280762,8,M7
Richness,80.59314490446002,63.04335511575141,8,M7
Poisson,74.22849568317686,61.02382131940551,9,M7
Poisson_off,161.75469850732094,158.86105751413345,9,M7
NB,78.45362705843196,63.805882946912554,9,M7
NB_off,166.69906985485187,161.5613821468897,9,M7
Alpha,123.12028429368084,115.60467177688908,9,M7
Richness,80.5810650851922,65.05600823520118,9,M7
Poisson,73.64044230115806,66.68648882878693,10,M7
Poisson_off,162.24532585467992,157.44406616940336,10,M7
NB,78.10934211235615,67.61386479336682,10,M7
NB_off,166.89688777421432,162.6776108296572,10,M7
Alpha,122.62093974499632,114.08222509095371,10,M7
Richness,80.57206966786718,66.95377114568973,10,M7
